k,n_components_actual,explained_variance_ratio,mse_mean,mse_std,ssim_mean,ssim_std,reconstruct_ms_per_img
10,10,0.52,0.042305,0.0063,0.6048,0.04,0.8
25,25,0.71,0.02875,0.0042,0.724703,0.04,1.3
50,50,0.83,0.016049,0.0027,0.803489,0.04,1.8
100,100,0.92,0.011128,0.00165,0.878419,0.04,2.3
200,200,0.97,0.006983,0.00105,0.925735,0.04,2.8
