k,n_components_actual,explained_variance_ratio,mse_mean,mse_std,ssim_mean,ssim_std,reconstruct_ms_per_img
10,10,0.835793,0.007574,0.004731,0.576502,0.105162,0.1422
25,25,0.938223,0.005352,0.004218,0.661391,0.139075,0.1703
50,50,0.981678,0.004241,0.003617,0.708658,0.137879,0.1545
